"ID","Name","SystemID"
1050791457196,"Mendori - Blue Moon 1 Reprocessing-Offices",30002986
1042349938971,"Huola - Hydra Reactor and Refinery",30003067
1053569419838,"Kulu - Mondelez Production",30005050
1051351309894,"Balginia - Kekse und Kanonen",30002528
1048823029736,"Munory - MINDY CENTER",30004129
1045820075429,"Aunia - Trash Can",30002657
1044970203585,"Sarum Prime - Winnie's Workshop",30003522
1038562485246,"Olide - Tinman's Forge",30003058
1052242113593,"Kulelen - Drill VI-10",30002771
1052244225705,"Imata - USCSS Prometheus",30003094
1050393149922,"Tintoh - Ironworks Foundry",30002784
1052208942542,"Boystin - Moon V-8 Weka",30003574
1048908720554,"J100156 - PInnacle Freeport",31001169
1045878421150,"Anzalaisio - tlhllwl'",30005252
1048764603023,"Torvi - Tipani",30003020
1054147171116,"Direrie - SML - HODOR",30002646
1043878365194,"Inghenges - CREDE - Laboratorium",30002672
1026756146338,"Gusandall - Waypoint Station",30002556
1047507806564,"Anzalaisio - Definitely not a WarHQ",30005252
1021589437662,"Luminaire - Battle of Caldari Prime Memorial",30004967
1038688705006,"Amygnon - Mission City - Reprocessing",30005311
1053167235269,"Cleyd - The Maya Drill of Axiom",30005194
1042757107809,"Sarum Prime - Sarum's Sanctum",30003522
1028312169618,"Arzanni - PushX Freeport Mailbox",30003885
1053250671878,"Hayumtom - Hill St Refinery",30003542
1035130517745,"Lustrevik - Port Royal T2Rig Public Refinery",30002545
1052218813495,"Irjunen - Obi Wan Kenobi",30002792
1026352069746,"Aurejet - PushX Freeport Mailbox",30003915
1041349094705,"Mesybier - Little Yellow Lab",30004975
1050958629515,"Shemah - Pax Industrialis",30004155
1044976189022,"Otelen - Cloneport",30003065
1034805455844,"Lustrevik - Port Royal Public Production Hub",30002545
1051379297987,"Imata - USS Sulaco",30003094
1051973486059,"Kamio - Clone & Ice Refine",30002782
1053361442770,"Basgerin - Kingdom of Heaven",30002666
1051391331597,"Pemene - Upewll Moon Beacon",30004978
1054005503304,"Claysson - Broker's Retreat",30002708
1049474029185,"Chibi - Research Station 1",30004250
1054198719448,"Sortet - Central GBOY HQ",30005323
1046987709010,"Perimeter - Sanitarium",30000144
1051381759899,"Gallareue - ALBA AN AIGH",30002674
1045971657262,"Reisen - Free Research Port",30000160
1047146738603,"Frarolle - Fuelstation",30003036
1052187892734,"Varigne - The Island Pub",30002400
1051452291351,"Niballe - Agripinaa",30003580
1046968084372,"Junsoraert - Moon Prime",30003016
1045338576698,"Javrendei - Prod",30002564
1044961079041,"Botane - Cheapest Market BE SMART 0.3%",30002661
1048652710954,"Armala - Aegis Labs",30002205
1038006986167,"Amygnon - Mission City - Clone Bay",30005311
1026019491722,"Miah - Treasure Island",30004113
1054340745995,"J104404 - New Life",31001643
1044973066622,"Saisio - Freeport - Reprocessing",30000146
1046643042934,"Arant - Drones, Modules",30004994
1052943969773,"Shenda - 6-16",30004268
1053674999789,"Laah - refining",30041392
1046367736490,"Munory - Sky Labs Public Clone Bay",30004129
1053534059402,"Hjortur - Sanctuary I",30003400
1051850700679,"Chibi - P1M1 - Refinery",30004250
1042063278215,"Teonusude - Nexus Galactic T1 ME-TE",30002385
1046532253918,"Usi - Utric's Happy Treehouse",30002755
1054048191752,"Kirras - PUBLIC Research Lab",30001410
1054268775707,"Talidal - Quijote 18",30003889
1050088311202,"Hahda - Join CGWC build your future.",30003533
1041539426982,"Jarkkolen - mining station 54% refinery",30003080
1052761752308,"Misha - Public in memory of Baba Jaga",30005059
1046196597606,"Manatirid - Discount Indy Haven",30005230
1037975424948,"Erlendur - LLlAXTA",30003463
1052687147944,"Sigga - Tathamet -Public Moon-",30005219
1053062097712,"Soumi - Medium Factory",30005052
1052951192595,"Adacyne - L.A.Z.E.R.",30003832
1052914301071,"Miakie - Eragastion",30003539
1045792156325,"Pera - Tillcom",30001666
1047267952922,"Ikuchi - Low tax Magic House",30000138
1026856067746,"Stegette - Mining Station 24 01-11",30002696
1049380135958,"Gamis - Thena's Fractaral Practice",30000107
1053793045156,"Autaris - Puplic Moon 1 FCM",30001384
1052841842401,"Olelon - Teper' eta sistema nasha.",30032715
1042784261548,"Hogimo - Refinery",30002773
1053346422135,"Alsottobier - Emporio Empanadas",30002678
1044724679886,"Brellystier - Edgar Thompson Works",30003809
1053290801441,"Jakanerva - build center",30000148
1053088340055,"Uminas - Miner's M Goo",30000184
1054034705743,"Cleyd - The Violet Drill of Axiom",30005194
1044229741759,"Magiko - Tortuga Factory&TechCenter 0.25%",30002570
1051191837960,"Osoggur - DCS Nexus",30002506
1049535002140,"Barmalie - The Crucible Production&MArked",30002683
1050099209562,"Muvolailen - Second try",30002780
1054364785363,"Torrinos - Drill One",30001429
1048005974568,"Cat - Lazy Days - Free Manufacturing",30005026
1047793211924,"Kor-Azor Prime - Mods Ammo & Drones ME",30005038
1051193139485,"Augnais - Sad Cafe",30002680
1047406704460,"Junsoraert - Mike Hunt",30003016
1050994439109,"Airkio - Freeport",30001404
1046489078364,"Usi - Gildii's Padded Cell",30002755
1054093801057,"NG-C6Y - Superb Owl House",30003325
1047501758615,"Mendori - Free Bukkake Welcumming Services",30002986
1052211467829,"Obanen - Radisson Blu",30000155
1043898640106,"Arnola - Regula 1",30000112
1051175237121,"Ebo - Amarr Control Tower",30002269
1052633941590,"5-75MB - Mint Slice",30003310
1046043963414,"Chesiette - CREDE - Ultima Porta Inferorum",30005327
1051389415976,"Agal - FreePort Engineering",30005292
1047587492975,"Armala - Exo Steel Assembly",30002205
1052429535194,"Funtanainen - Research-Manufacturing-Invention",30001364
1052655633708,"Aikoro - EVERYONE",30002753
1052206084119,"Zoohen - Trivial Refinery",30005221
1050256573896,"Bania - Oliver",30005294
1051392772235,"XYY-IA - HairDryer",30003326
1048203133485,"Jolia - ZALEE'S SNACK SHACK",30002679
1046185179110,"OE-9UF - 4-14",30002008
1049845427762,"Pulin - Babylon Station",30002662
1043764644694,"Urlen - T1 Mod manu - invent & research",30000139
1049013419557,"Inari - Reprocessing Tower",30002793
1052171793486,"Weraroix - Farpoint Nexus - Indy Freeport",30003583
1052633836635,"Cleyd - The Chloe Drill of Axiom",30005194
1053764035332,"Yulai - NEW BRO PLEX LSI MARKET",30005204
1053221090365,"Onuse - Space Melting Pot",30000174
1052957514972,"Shenda - 8-9",30004268
1052218892745,"Irjunen - R2D2",30002792
1052702008681,"Cleyd - The Hazel Drill of Axiom",30005194
1041388175181,"Onnamon - Alderaan",30045324
1053167140168,"Cleyd - The Kelley Drill of Axiom",30005194
1052791452435,"Piekura - ME T2 - TE Research Trade Moon",30001391
1042909693614,"Parses - Drop Bear Research&Construction",30003909
1037883407946,"Anka - Belief Through Bondage",30003071
1054318959630,"Ainsan - Mav's Mezzanine",30003895
1053039586216,"Onuse - Space Forge",30000174
1054262913052,"Basgerin - The Armory",30002666
1049690816709,"Tzashrah - Elysium",30003891
1048574456966,"Torrinos - EIE RESEARCH.CLONE.INVENTION.",30001429
1054288385221,"Noli - Align To Sun Incursions Hubs",30002218
1054211590957,"Malma - MoonRocks N Chill- Public",30005235
1052032671578,"Ney - The Factory",30002650
1049654144875,"Moutid - Little Red Refinery & Clone",30001715
1053173640116,"Ebasez - The Voight-Protocol",30005291
1052514725104,"Enedore - Kelutral",30003045
1052489585391,"Cleyd - The Axiom Research Lab",30005194
1052664960634,"Freatlidur - Cat's Lost two Peanuts",30003394
1021681819954,"Keberz - FREEPORT MARKET AND CLONES",30003883
1042351925891,"Muvolailen - Golden Mom's Workshop",30002780
1042223782798,"Teonusude - Nexus Galactic Heathens Market",30002385
1052182168616,"Freatlidur - Cat's Lost Peanuts",30003394
1041739766245,"Nahol - Baumarkt II",30005069
1038960244852,"Tegheon - Revelation Space Market + Clone",30003907
1025589930902,"Matyas - Innovation Tank",30001654
1051147913588,"Sirkahri - DONT USE-unanchoring soon",30003540
1054331811118,"Ajanen - Sacrae Fabricae",30001414
1045093839064,"Hykkota - Cloneport",30000134
1051111127839,"Ordion - Big Red Refiner, Miner & More",30005060
1051506877354,"Neyi - Ore,Ice,vat public refinery",30003859
1053247595445,"Palas - Moon & Refining",30003878
1045621940801,"Odatrik - Plasma Industry",30002509
1050671950897,"Chibi - P6M18 - Rhodes",30004250
1051673117212,"Inghenges - Morgan Innovations",30002672
1053354628521,"Inoue - A Hopeful Home for Lost Drones",30002738
1054135998454,"Algogille - Stratum Complex",30004972
1052948466759,"Adacyne - Basic Ships",30003832
1052335490070,"Maurasi - 0% Tax. Ore+Ice T2 reprocess",30000140
1053786948754,"Palmon - Fiesty Ferret",30004992
1042030997276,"Sarum Prime - Huginn Research Center",30003522
1053431204524,"Saheri - Industrie Discount",30003518
1054040967725,"Palmon - Fiesty Spock n Raggles",30004992
1028750993915,"Kakakela - Brisc Rubal's C.S.M Headquarters",30001405
1052748381849,"Emolgranlan - LedgeCorp Mine & Refine HQ",30002548
1026258601341,"Matyas - Heavy Industries",30001654
1054021999821,"Cleyd - The Polly Drill of Axiom",30005194
1054176686117,"Vahunomi - Make China Great Again(Public)",30000170
1049995248250,"Gosalav - XARMS House of Ice",30003509
1047164551889,"Arraron - Duvier Extraction Hub",30005330
1022167642188,"Amamake - 5 times nearly AT winners",30002537
1052048844370,"Ami - Stellar Apex Foundry (Free Port)",30005035
1053945931530,"Uminas - The bird of Hermes",30000184
1054201493936,"Malma - Imprisoned Porpoise",30005235
1046192733649,"Roushzar - P8M1",30002975
1045193582746,"Ekura - MlNER NEEDs - Darkside of a Moon",30001378
1034097852102,"Notoras - Rhine Workshop",30045348
1054330445894,"Soumi - X002",30005052
1044026273960,"Villore - Cloneport",30004993
1049441788712,"Gamdis - Low Tax Industrial Market",30004085
1042569705813,"Siyi - Dark Knight Station",30001699
1052948313174,"Adacyne - Structure Equipment",30003832
1032060149754,"Intaki - IPI Industrial Freeport",30003788
1049358554947,"Bomana - The Oldest House - Cloneport",30003913
1048702397228,"Piekura - Freeport Moon 1",30001391
1049786559449,"Gammel - Miners Haven Refinery Freeport",30003076
1021011818054,"Perimeter - Verite's Stellar Cartography",30000144
1053408300555,"Hadji - Here For the Party",30005223
1051420707605,"Bamiette - More Zeolites saturdays 14-00",30002690
1054311027827,"Zoohen - Trivial boarding school",30005221
1044861064683,"Usi - Astral's German Beergarden",30002755
1047300544343,"Arraron - Houssillons Gambit",30005330
1052790257351,"Misneden - Large Homestead",30002665
1053685187022,"Bei - The Heart of the Phoenix",30002048
1054181590858,"Ahteer - Supreme has a new friend",30001741
1053596328091,"Siyi - Little Red Miner P3M10, Saturday",30001699
1047566249826,"J150827 - Wytovich Fabrication Services",31000182
1054123259609,"Oerse - Crazy Karl's Wholesale Emporium",30003577
1049737132074,"Eggheron - Regulate",30003605
1047668855369,"Junsoraert - Bunnings Snags",30003016
1046404465214,"Avada - Freeport",30004249
1048523443818,"Barmalie - OPENmoonfield-Miners Rift",30002683
1048695176844,"Munory - MINDY EXTRACTION POINT 1",30004129
1045854634613,"Mamenkhanar - Blue Horizon II",30002242
1054177414351,"Wuos - 2% T2 Ice Refine & Clone",30000187
1052450748835,"Cleyd - The Axiom Crucible",30005194
1040298135533,"Bundindus - Freeport",30002577
1044823954625,"Usi - Freeport & Reprocessing",30002755
1048215209364,"Atlanins - Pet's Delightful Garden",30003038
1050054939252,"Teshi - CRM 1%",30003507
1053525494077,"Altrinur - Dawn (Freeport)",30003389
1049737177026,"Ondree - Wizard",30003603
1053950875465,"Reisen - Station 2",30000160
1039069179051,"Anbald - Cloneport",30003398
1053033479988,"Hibi - ROCK OF DEUS",30001662
1054170111063,"Sortet - GBOYs RNR Station",30005323
1049595335974,"Kasi - OnlyRocks",30004134
1052074090672,"Barmalie - Eye of the Storm",30002683
1048831776744,"Ruvas - Creations Productions",30001408
1046346091324,"Varigne - Star Range II",30002400
1051433359824,"Arraron - Asimovs Reach",30005330
1051452173924,"Niballe - Ferratonic Furnace",30003580
1052861897445,"Irjunen - Athanor",30002792
1053167043399,"Cleyd - The Ivy Drill of Axiom",30005194
1053257727075,"J100156 - Beans Processing",31001169
1043948993085,"Dantbeinn - Ewoc Eis Felder",30003451
1054351101848,"Dresi - Cheddar",30004078
1054167290051,"Nakugard - WFI Nakugard Forge",30002068
1053982338642,"J100156 - Hardline Hardware",31001169
1050079960101,"Scheenins - BEEDL's Backwater Business",30005310
1038083921230,"Anka - Faith and Fabrications",30003071
1052429227512,"Unel - oliver's gourd",30002707
1047303257193,"Ruvas - The Forge - Cruiser Shipyard",30001408
1048543794526,"Barmalie - Science Center",30002683
1052673479742,"Tasabeshi - Research & Manufacturing",30002778
1048115611445,"Brellystier - 6.11",30003809
1050814431590,"Brellystier - 4.7",30003809
1053039612682,"Adacyne - The Forge",30003832
1053295619293,"Irnin - Big Yellow Fab",30002192
1052854424146,"Oshaima - Alpha Station",30002795
1053342963283,"Boystin - Moon V-3 Takahe",30003574
1049280123522,"J151601 - Mos Eisley PI Emporium",31000227
1053053726576,"Abudban - Aether",30002507
1048444699516,"Frarn - FUEGO Market - Lowest Tax - 0.2%",30002526
1051757408325,"Ami - Ami Provides (Free Port)",30005035
1053167278896,"Cleyd - The Naomi Drill of Axiom",30005194
1048740525063,"J114055 - FREEPORT - Operation Base #1952",31000496
1053895841662,"Malma - Robotic Bore Dome",30005235
1052957966574,"Shenda - 6-6",30004268
1048629577618,"Avada - Freeport 58.6%Refinery ICE & ORE",30004249
1048215889550,"Oijanen - DICE. Minimart Freeport",30000186
1050828649634,"Jaschercis - Little Red Refinery & Clone",30003029
1035768656499,"Muvolailen - Golden Mom's Forge",30002780
1043171054015,"Amygnon - Mission City - Factory",30005311
1051453179153,"Niballe - Urvymm's Bulwark",30003580
1051842260298,"Colcer - Toruk Makto",30003041
1047390791237,"Gamis - Novice Nexus",30000107
1052547646451,"Misneden - Assembly Hall 5",30002665
1052797952173,"Uuhulanen - Measured Return",30045326
1050182657126,"Villore - Quafe Small'",30004993
1052948152942,"Chardalane - Hell's Kitchen",30003834
1036668738274,"Moro - Sanctuary - Cloneport",30003893
1053185018924,"Nahol - Cobalt Public Refinery",30005069
1051871829995,"Uttindar - CW - Drilling & Reprocessing",30002049
1037347749267,"Jarkkolen - Star Circle Basement",30003080
1053424935945,"Hadji - The Party",30005223
1053807129595,"Moro - Bait Shop",30003893
1053994270374,"Sibe - Fabrica Fodinae I",30005209
1052948726334,"Enedore - Ikran",30003045
1051314746045,"Sirkahri - Little Red Miner P6M1, Wednesday",30003540
1051201092912,"Algogille - OLIMP I",30004972
1046650259730,"617I-I - Scotch Finger",30003315
1052309484466,"Inghenges - Dweller's Reprocessing",30002672
1040348052374,"Bashyam - May the FORGE be with you",30003908
1050506846265,"Finid - Mine Refine",30004110
1049463199616,"Scheenins - T2 Get More From Your Ore.",30005310
1052943617266,"Shenda - 8-18",30004268
1051060046930,"Parses - Guthrie's Warehouse",30003909
1035617681782,"Nourvukaiken - Project Rigless",30001376
1031240619395,"Eystur - Vherokior Market & Development",30002543
1052907762396,"Yebouz - KindreD KlanZ",30004144
1052157661985,"Chamemi - Khanid Checkpoint",30003905
1044354888302,"Saisio - Freeport Forge Cartel",30000146
1038937272207,"Eystur - Belt-Moon-Ice 54 Refinery -OPEN",30002543
1053378949135,"Sileperer - Manufactory & Research",30002689
1049970881946,"Tvink - Ice Pick Taven",30002073
1040162877006,"Usteli - Fatal Paradox",30042505
1051837402046,"Chibi - Invention Station 2",30004250
1024403663273,"Dital - PushX Freeport Mailbox",30002968
1053409045846,"Varigne - Angels Refinery T2 1.5%",30002400
1047874047084,"Jufvitte - NWMIN (Build a Bear) 2% Pub Tax",30005308
1051625751015,"Dantbeinn - Orbital Assembly Plant",30003451
1051307610680,"Parses - Polaris 53%",30003909
1052653505330,"Adar - DED",30001717
1038555044215,"Olide - Munchkin's Furnace",30003058
1052465951423,"Piekura - 1 - M3AH",30001391
1049262288870,"Jufvitte - T2 Ice Processing (2% pub tax)",30005308
1036189124003,"Tuomuta - Balamb",30003064
1046450877115,"Oremmulf - Ref1 - Compression and Refinery",30002571
1046947133071,"J150827 - Wytovich Repro & Reactions",31000182
1050501380801,"Menri - MEN-XI M1",30004121
1052588409412,"Cleyd - The Ella Drill of Axiom",30005194
1052124201956,"Parses - Work Shop",30003909
1052907306302,"Radima - Turtle Shell",30000033
1049768036613,"Naguton - Public Reactor",30003475
1048541309376,"Youl - Open Forge",30003493
1026852884868,"Joppaya - Union Terminal",30002210
1053677829513,"J143429 - Terra",31000436
1044752365771,"Perimeter - 0.0% Neutral States Market HQ",30000144
1051774090513,"Yebouz - Eagles Nest",30004144
1041862154381,"Teonusude - Tax 2.5% Nexus Galactic Max Refi",30002385
1054134404677,"Serad - Ereshkigal Freeport",30000103
1023369711639,"Galeh - Freeport",30003544
1051035293192,"Jarzalad - Little Red Refinery",30001653
1045855192479,"Riavayed - Little Red Refinery",30002993
1040919477656,"Mesybier - Little Red Miner P7M4, Thursday",30004975
1051223353435,"Miah - Bearcares",30004113
1052950821504,"Lour - Blood Donation Center",30003575
1035768592387,"Muvolailen - Golden Mom's Structure Factory",30002780
1048702522399,"Piekura - Freeport Moon 3",30001391
1052753915541,"Uminas - Miners Harvest",30000184
1049144186797,"Friggi - Happy Miners",30000168
1034544729493,"Ebodold - Public Waypoint",30002536
1050351018262,"Misaba - 0.0% Neutral States Regional HQ",30003563
1046909866228,"Geffur - Cosmic Factory",30003429
1054022062902,"Cleyd - The Taylor Drill of Axiom",30005194
1049432660482,"Sarline - The Place",30003584
1052014475197,"Weraroix - Farpoint Freeport & Market",30003583
1054142360425,"Nonni - SevenHPWarpers Freeport - Refine",30001401
1052044145719,"Uadelah - OXE Processing Plant",30002991
1047669423047,"Junsoraert - Moon Bee",30003016
1047057973596,"Javrendei - Compress",30002564
1051156727240,"Junsoraert - Pavlova Processing Plant",30003016
1054227299543,"Sortet - Maxria GBOYs Mining Station",30005323
1053911951368,"Piekura - 2 - M3HC - Small Ship T1",30001391
1051613490841,"Pemene - The Riverbend - Public",30004978
1042660956711,"Assiettes - Ord Mynock",30002724
1047655677501,"Ordion - Little Yellow Fab & Lab",30005060
1053284150983,"J151503 - roaming freeport - read the bio",31000670
1054005892642,"Jatate - Pub 1% Tax Build Research Invent",30000121
1054318909801,"Ainsan - Mav's Watering Hole",30003895
1049068829228,"Jorus - Parking Hot Coffee Reprocess",30002567
1041340503195,"Mesybier - Little Red Refinery P7M3, Sat",30004975
1048092911470,"Ruvas - Creations Manufacturing",30001408
1053725032929,"Badivefi - Tycho Brahe 18 HQ",30003888
1051511981905,"Autaris - Atlantis Industry Hub",30001384
1049725242031,"Hadji - Came For The Party",30005223
1053961030291,"Raussinen - Hephaistos",30001373
1045541600611,"Barkrik - Miner's Bar",30002071
1044843857058,"Onnamon - Naughty Bazaar",30045324
1051772921612,"Hibi - Odin",30001662
1053186449816,"J160715 - Halfway House - FREEPORT",31000414
1046219155198,"Tolle - CREDE - Reges Glaciei",30003052
1046107676185,"Ommare - Refining",30005027
1046653612780,"Arant - Cap parts, Components, Structure",30004994
1022719887708,"Matyas - Reserch Labs",30001654
1053414742063,"Siyi - Public-Mining-Refining",30001699
1052633917355,"5-75MB - Wagon Wheel",30003310
1052739135706,"Sasiekko - USCSS Covenant",30003074
1046938242509,"Erkinen - Ishus",30003078
1048712399402,"Osoggur - Cloneport",30002506
1044140443705,"Aurejet - Estate 1",30003915
1048236639941,"Sobaseki - T2 Refinery (80.92% max yield)",30001363
1022979469662,"Ohmahailen - Freeport Industrie",30000136
1047778968434,"Tuomuta - Midgar",30003064
1035266839311,"Alakgur - Fin's Place",30002512
1051388061736,"Bamiette - Zeolites sundays 14-00",30002690
1054167063685,"Gamis - FreePort",30000107
1049737069923,"Ondree - Permit Pending",30003603
1037946024089,"Anka - Vestibule of Vitoxin",30003071
1052616717487,"Jakanerva - FF Nation Free Eng.Complex",30000148
1049982731184,"Perimeter - JITA REFINERY 1% TAX",30000144
1053686499368,"Oppold - Processing plant",30003430
1054330580927,"Ordion - F0023",30005060
1043283283319,"Mesybier - Little Red Miner P7M7, Friday",30004975
1050719964747,"Esescama - Hub",30002964
1049964087080,"Isikano - CONSTRUCT 02",30001387
1052252821641,"Raussinen - Freeport 1",30001373
1054307895506,"Anstard - Tiangong",30003426
1051285510204,"Miakie - Little Red Miner P6M16, Monday",30003539
1054281668839,"Sortet - Jaxten GBOYs Mining Station",30005323
1026684151920,"Yona - Light House for a Voyage",30005017
1049737053859,"Ondree - Oops All Ore",30003603
1048457511210,"Mendori - Blue Moon 2",30002986
1046180266262,"Palmon - outgoing owl",30004992
1035768606172,"Muvolailen - Golden Mom's Shipyard II",30002780
1053759506451,"J230301 - WWW",31001384
1051250942506,"Fahruni - Lamphrey",30003473
1053661469744,"Brybier - Build a Flaming Penquin",30002703
1053443556427,"Aldik - Premium Pots and Pans",30003464
1050016919467,"Parses - Wondering Miners",30003909
1051352623144,"Gererique - ruins of the temple",30003586
1047424081515,"Shastal - blob 1",30002999
1050903971475,"Imih - Redline Fabrication",30005053
1053298735772,"Zoohen - A alexandria",30005221
1045561080427,"Hek - Big Red Refinery",30002053
1053829781304,"Rauntaka - Produktion",30001417
1053563276767,"Anstard - Artemis 1",30003426
1046523557829,"Hodrold - T3C",30003469
1053306214907,"Simela - Its A State Of Mind",30005269
1044564132268,"Iidoken - Equipment Manufacturing Freeport",30001374
1044233222556,"Adirain - Freactions Industry Adirain",30005003
1053808119702,"Finid - Pride of Hiigara",30004110
1048766863127,"Junsoraert - Kekunan",30003016
1053590810415,"J143429 - Epsilon Pegasus",31000436
1051945541484,"Niyabainen - INDUSTRIAL MEGA CENTRE",30000143
1050522035307,"Ethernity - Manufacturing",30003033
1047245625949,"Earwik - Apollyon Bay",30003441
1050632448240,"Imata - USCSS Nostromo",30003094
1054298045407,"Sabusi - Ezkutalekua",30003894
1054143180905,"Hadji - Rose Refinery",30005223
1047164458240,"Arraron - Seriphyn Observatory",30005330
1049590035043,"Illuin - Cosmic Refinery & Compression",30003377
1054020237865,"Keproh - Tony's Tacos and Tequila",30005078
1053083108146,"Brybier - SSN Tango. Blessed Refinery",30002703
1045588386676,"Barkrik - moonpie",30002071
1042564159704,"Fahruni - Moria Mine",30003473
1053994810867,"Talidal - Zak's Dive Bar",30003889
1052315951007,"Palas - BLACK HOLE",30003878
1052337009652,"Sibe - Centrum Investigationis I",30005209
1053427998260,"Intaki - Public Refinery 1% Tax",30003788
1049830720572,"Ronne - Builders Paradise Public R&D",30003081
1027375934642,"Torrinos - FREEPORT MARKET AND CLONES",30001429
1048761937195,"Hecarrin - ME-TE Hamtaro's Lab",30024971
1046695202049,"98Q-8O - Monte Carlo",30003373
1047590912164,"Junsoraert - Floppy Rocks",30003016
1037171099076,"Intaki - Hatakani Commercial Port",30003788
1053454866272,"Aclan - Unit",30003028
1044857068649,"Ashab - UPDATED 0.3% CHEAPEST MARKET",30003491
1053303897050,"Tasabeshi - Stardust Journey Holdings",30002778
1046653912126,"Arant - Advanced Shipyard",30004994
1048076793537,"Kobam - Novadad Reprocessing Freeport",30005247
1042885253118,"Stou - Ewoc Fortress",30005333
1043358721734,"Adirain - Freactions Adirain",30005003
1024361429801,"Col - PushX Freeport Mailbox",30003904
1029434399106,"Vivanier - Moonview",30003810
1052822855823,"J210355 - 420 Freeport",31000862
1052252871916,"Raussinen - Freeport 2",30001373
1052218707389,"Irjunen - YODA",30002792
1052685221691,"Nadohman - Taranta Market and Reserach",30002258
1048810492290,"Hibi - Yellow Haven",30001662
1051973474414,"Kamio - FREEPORT Indy",30002782
1042977724271,"Mesybier - Little Yellow Fab-Upwell & Parts",30004975
1050466192846,"Simela - Mercury's Avarice",30005269
1053879902613,"Friggi - Happy Spot",30000168
1035768580719,"Muvolailen - Golden Mom's Shipyard & Factory",30002780
1050508622911,"Adahum - Free Port Manufacturing",30001648
1054142117081,"Antollare - Icehouse 1.5%Tax ICE and Ore",30003051
1050453065954,"Caslemon - Flippy",30004973
1053680422539,"Airaken - Nemos' chop shop.",30000185
1045555673229,"J104210 - Wormlife McGee Freeport",31000491
1052973039179,"Mani - Hammerfall Refining Array",30001658
1053651306861,"Brybier - Misfitz Bar & Grill",30002703
1048088483549,"Hibi - Free Rocks from the BROS",30001662
1053319924075,"Adacyne - Capital Components",30003832
1052447394294,"Uesuro - The Bone Home",30001432
1053534493120,"Jolia - El Cheapo",30002679
1051071912530,"Sigga - Rock Eater",30005219
1052423183284,"Gulfonodi - The Gym",30002384
1049656812999,"Miah - Little Red Refinery & Clone",30004113
1054034739905,"Cleyd - The Xena Drill of Axiom",30005194
1046902813441,"PF-346 - 222",30003277
1048069587569,"Jolia - ZALEE'S POP SHOPPE",30002679
1045712793227,"Ambeke - Ship Complex",30002644
1053269107762,"Jel - Cloneport",30002692
1053268070130,"Sileperer - Reprocessing Facility",30002689
1045800379549,"Aakari - Freeport Reprocessing station",30001396
1053826493129,"Vaurent - Reprocessing Hub - 1% Tax",30003027
1050120746321,"Yuhelia - Big Yellow Clone & Fab",30003545
1051191352749,"Gelhan - Shattered Sun Gelhan Annex",30000087
1052794265590,"Mani - The Iron Crucible -Public Access",30001658
1054062930202,"Amo - Almost Heresy Shipyard",30002055
1044909535925,"Assiettes - D6Holocron",30002724
1054091476309,"Ainsan - Zak's Geisha Garden",30003895
1051035764444,"Ney - The Rock Research",30002650
1044880797208,"Ameinaka - MlNER NEEDs - between Rok & Moon",30002511
1053862749187,"Sharhelund - Ships 'r' Us (freeport)",30003498
1051309291303,"Miakie - Little Red Miner P7M8, Tuesday",30003539
1053950783505,"Bawilan - Moon Goo Monday",30002700
1048195028256,"Kobam - Research & Manufacture Freeport",30005247
1052272207106,"Akora - wombat mini mining corp",30000163
1054287563678,"Eitu - FORGE",30002740
1054151416361,"T-LIWS - Pointed Nose Bar and Grille",30003299
1048761632147,"Bille - Olangi",30003040
1042193660223,"Mesybier - Cloneport",30004975
1048219758690,"Soumi - Small Factory",30005052
1047793763383,"Bashakru - Little Red Refinery",30002199
1053838412845,"Astoh - Megalania",30045323
1039841269144,"Charmerout - Infomorph Storage Center",30004976
1046215632508,"Josameto - Free Research Lab",30000156
1054021118226,"Vorsk - PUBLIC REFINERY 1% - CLONE BAY",30003399
1052684195317,"Piekura - Freeport Prime T2 Refinery",30001391
1050076156620,"Ylandoki - DS8 - Low Tax Ore+Ice Refinery",30001395
1052252914027,"Raussinen - Freeport 3",30001373
1051845291839,"Caretyn - cheap research",30002735
1050692973253,"Poinen - Decarbonated Free Clones",30000153
1046167760944,"Manatirid - Hangout",30005230
1052653876440,"Torvi - Sam's House of Hard Rocks",30003020
1053939400218,"Joamma - Hay Bakery",30004086
1035968064720,"Notoras - Rhine Chemistry",30045348
1048119529116,"Merolles - Mining Freeport",30005303
1053752549369,"Ouranienen - public",30001370
1035736217331,"J144450 - Beacon of Infinity",31000117
1053720023472,"CL6-ZG - 7-4",30001981
1049983201885,"Stayme - VI - Moon 3 - Noxis Verge",30002675
1053963468171,"Bherdasopt - Echo1",30005267
1054006519824,"Theruesse - The Boneyard",30005314
1054076875083,"Serad - Tiamat (Tax Haven)",30000103
1048764208487,"Cat - Scratching Post",30005026
1049358388306,"Bomana - Estate 1",30003913
1051505559242,"Jel - Freeport - Refinery",30002692
1054372014014,"Osmeden - Caledonia II",30003831
1041354471460,"Mesybier - Little Yellow Fab, Ships",30004975
1045653148179,"Barira - PushX Freeport",30003548
1053791221494,"Boystin - CS&S - 1",30003574
1051314760802,"Sirkahri - Little Red Miner P6M7, Thursday",30003540
1053154593603,"Shokal - Moon Ore",30005076
1047396042417,"Iosantin - Oraron Freeport",30000062
1052917833912,"Adacyne - Diggy Diggy Hole",30003832
1025077909794,"Amamake - Police Weapons Facility",30002537
1042959265028,"Turnur - Frank LeTank Memorial",30002086
1048255383676,"Annaro - Nanoforge - Manuf, Res, invent",30002776
1053797385195,"Shousran - Kessaku Orbital Storage",30001667
1049071631043,"Nakri - Platform 192RF Onyx",30003496
1050129078739,"Yuhelia - Little Red Refinery",30003545
1048767183915,"Torvi - Anurai",30003020
1046227088965,"Talidal - RONA VI M2",30003889
1051070543569,"Jarzalad - Big Grey Clone & Market",30001653
1044712371185,"Urlen - T2 Comp & Med ships, TE research",30000139
1034494312928,"Col - Freeport",30003904
1049142699051,"Fegomenko - Future Wreck II",30002408
1027287568092,"Col - Rockriders HQ",30003904
1049371470683,"Agal - Skyfall High Yield IceProcessing",30005292
1049196767327,"Arraron - Saunders Station",30005330
1050501356552,"Menri - MEN-IX M7",30004121
1052163400602,"J140353 - Free Port Planetary Industry",31000758
1053753317407,"Lirerim - The Iteration Engine",30003459
1051635161969,"Bawilan - Scratching Post",30002700
1048766414878,"Bille - Tawkami",30003040
1053690552521,"Vorsk - PUBLIC FORGE - 1% RES & MANUFACT",30003399
1052904903833,"Piekura - Freeport Invent & Copy",30001391
1024630653486,"Liukikka - PushX Freeport Mailbox",30001416
1054250513652,"Safizon - Public Indy",30002279
1053673741387,"Yarebap - TON-618",30004111
1051178723638,"Simela - Mercury's Moon Mining",30005269
1053294573603,"Amo - Reactor 4",30002055
1051884213901,"Shastal - Magna Mentula",30002999
1050808557956,"Finid - Finid X - Moon 3",30004110
1051700257115,"Shihuken - RockForge Freeport",30000130
1051130776888,"Tuomuta - Zadira",30003064
1051109655609,"Lanngisi - Seraphim's Olive Garden",30002074
1052480311732,"Naguton - Public Reprocessing",30003475
1049344790181,"Esa - Freeport",30001736
1048591837941,"Adacyne - RZR Over Watch",30003832
1051039522007,"Brybier - SSN Alraune. The Institute Core.",30002703
1038989086029,"J104210 - Freeport ISBN 978-1936373437",31000491
1053551816834,"Colcer - Sanctuary",30003041
1054072871042,"Junsoraert - Moon8.8",30003016
1051679061445,"Pemene - Shallow Waters - Public",30004978
1051260932231,"Aclan - Candy",30003028
1045779904872,"Vimeini - P7M3",30002088
1053980277630,"Bar - PUBLIC REFINERY COMPRESS & CLONE",30000085
1051089959579,"Oppold - Dark Forge",30003430
1040242472576,"Gererique - Sanctuary (Nebula Prime)",30003586
1031873562006,"Nourvukaiken - CN Home",30001376
1047243567570,"Villore - Dancing Around The Stars",30004993
1054263674507,"J131221 - Le Tiroir",31000480
1053736478989,"Mohas - Omega-HQ",30000031
1043087568157,"Stou - EWOC - Produktion & Forschung",30005333
1053758021541,"Osoggur - Omega-AT-1",30002506
1053572560531,"Pemene - Moon Mining",30004978
1046675679632,"Seil - Public Ice T2 1.8%",30001657
1022557113466,"Adacyne - Bolltz place",30003832
1051145342668,"Oppold - Yol Gorro",30003430
1047028869086,"Bille - MlNER NEEDs - +Moon-ORE-Buy-Back",30003040
1049883639854,"Tsuguwa - Geizstation",30001375
1054168857115,"Alparena - HORN Bar and Grill",30003850
1044960858258,"Hek - UPDATED 0.3% CHEAPEST MARKET",30002053
1049465477471,"Osoggur - DCS November",30002506
1051035829206,"Jarzalad - Little Yellow Fab & Lab",30001653
1054195375412,"Faurent - Lucky No. 7-7",30002643
1052957861130,"Shenda - 7-2",30004268
1040528232389,"Podion - FREEPORT",30000019
1052948590791,"Adacyne - Advanced Ships",30003832
1023804021106,"Jinkah - Neu Aincrad",30005046
1049927384069,"Villore - Welcome FREEPORT Refinery",30004993
1046068215963,"Palmon - fiesty raccoon",30004992
1046217236765,"Jerma - Yang",30002254
1038614203895,"Ostingele - EveWarGames",30003792
1044976254746,"Shera - Cloneport",30005192
1049391270975,"Finanar - ICE Public 2,5% Tax",30003442
1052660573498,"Cleyd - The Fiona Drill of Axiom",30005194
1052751653792,"Dihra - Freeport Raitaru",30002967
1052975010318,"Aidart - Freeport REME",30005307
1045623389559,"Pamah - OTH's Refining and Manufacturing",30005232
1039676159679,"Vattuolen - Skunkworx",30000173
1049653699616,"Seil - Little Red Refinery & Clone",30001657
1054313268867,"Yona - Repro T2 when you want",30005017
1052313594746,"Caretyn - max refine",30002735
1044582141469,"Veisto - Ammo Factory",30001362
1047560759181,"Aydoteaux - Little Red Refinery & Clone",30003055
1053602761437,"Botane - Glow Stick Mining",30002661
1053111113288,"Miakie - Episteme",30003539
1040174201686,"Adacyne - Ragnar Anchorage",30003832
1048702477806,"Piekura - Freeport Moon 2",30001391
1033626295285,"Lustrevik - Port Royal Regional Trading Hub",30002545
1040707410493,"Adacyne - Ceres Station",30003832
1049968020476,"Saatuban - BullTech Refining Hub",30001386
1053348517067,"Uadelah - Omega XE Market",30002991
1048665583499,"Siyi - Black Hole",30001699
1052116525514,"Sigga - Lightsong -Public Moon-",30005219
1052649693996,"Boystin - Moon IV-7 - Korimako",30003574
1049042723784,"Arraron - Arraron Assembly Yard",30005330
1049313588911,"Brybier - SSN Familiar. The Center Of All.",30002703
1053862947888,"Noghere - Research Station",30005018
1036290433127,"Hampinen - Devil Balls",30000152
1052986641128,"Sakht - Family Crypt Indwe",30004299
1046532273792,"Usi - Pav's Trophy Room",30002755
1051005499642,"Finid - Public Research Facility",30004110
1050377059077,"Odebeinn - Orbit City (tax haven)",30003470
1049979179339,"Manatirid - Ice & asteroid refinery 1% Tax",30005230
1050804630846,"Mendori - Blue Moon 3",30002986
1053129872688,"Rilera - Khanid Checkpoint",30003916
1053825884161,"Shihuken - Prestige R&D",30000130
1053308216907,"Aivoli - The Lonely Island",30001431
1054128306052,"Chardalane - HomeCall",30003834
1047296310704,"Junsoraert - Ice Box - Free Clonebay",30003016
1047812092299,"Varigne - Molden 2.5% Refining Center",30002400
1043528575927,"Asgeir - Cosmic Refinery & Compression",30003384
1050758499527,"Straloin - Xuixien's Bed and Breakfast",30003607
1053518681359,"Malma - Robotic Manufacturing Shop",30005235
1053596280107,"Siyi - Little Red Miner P3M2, Saturday",30001699
1046144878030,"Nuken - Reprocessing for all",30000183
1036056013799,"Amamake - Reactions & Reprocessing",30002537
1050444740652,"Ethernity - Uber Refiner",30003033
1053851960804,"Badivefi - K2-18 b R&D 0.5% tax",30003888
1052691808177,"Malma - Mechanized Rockpile",30005235
1044873875483,"Usi - Kisumii's Pleasure Palace",30002755
1050676605501,"Cat - Catnip Grinder",30005026
1052904781998,"Piekura - FP T1-T2-T3 Medium Ship & Comp.",30001391
1048370320616,"Nakri - Platform 966MR Alabaster",30003496
1021096465184,"Danera - Liquor in Front-Poker in Rear",30003912
1053525251065,"Kassigainen - Sanctuary of the Stars",30002761
1051160927250,"Assiettes - Solar Flare Alpha",30002724
1053762638102,"Alkez - Omega-RA-1",30000034
1054281461428,"Anjedin - AMMO HUT",30001647
1053695226918,"Adiere - Otstupayem",30002710
1045758634997,"Tvink - Slushy",30002073
1053465920971,"X36Y-G - 6-8",30003688
1054205762894,"Raussinen - Kalea Is Queen",30001373
1049856138228,"Akhmoh - Shakers Tavern",30004147
1024275073847,"Keberz - PushX Freeport Mailbox",30003883
1048138777945,"Eletta - Sanitarium +42% ME+Copy",30005315
1054034689470,"Cleyd - The Zoe Drill of Axiom",30005194
1052795897194,"Piekura - Freeport Giant Mini-Mart",30001391
1052016441420,"Aakari - Freeport Raitaru",30001396
1051009175938,"Usi - Reginald's Manufactorium",30002755
1050790917744,"Bhizheba - Manu-Research-Refine 0.5%",30002282
1047937464094,"Tuomuta - Nibelheim",30003064
1048600373863,"Avada - Lorzsa Inc",30004249
1049831117913,"Hykkota - railway frontline",30000134
1049050115531,"Brellystier - 4.15",30003809
1042884763948,"Stou - EWOC - Moon-Bergbau",30005333
1051698597006,"Ham - Khanid Checkpoint",30003900
1053116357864,"Uminas - Miner's McGooy",30000184
1049035426094,"Aphend - Baustube GMF-C",30004079
1053499016446,"Armala - The Anvil",30002205
1053101836301,"Sigga - Daedalus -Freeport-",30005219
1053758351610,"Talidal - Spe-18 Refinery 0.4% tax",30003889
1046626888869,"Arant - T1 All Ores Repro",30004994
1052948674138,"Enedore - Palulukan",30003045
1050186534934,"Ney - Rockwell Endevor Refinery",30002650
1052741392317,"Zatamaka - Black Ice Yard",30005079
1031306291852,"Paala - Free Use",30000198
1050366143477,"Konora - Orbit City (Freeport)",30003471
1053239252759,"Saheri - M 1-15",30003518
1053664323117,"Liukikka - Starbase 003",30001416
1053118101424,"Eystur - Dust for Sky",30002543
1044678855960,"Usi - Science & Manufacturing",30002755
1045971617379,"Purjola - Free Indu Port",30000161
1048766478794,"Aclan - Tayrangi",30003028
1050437290859,"Ambeke - Cartethyia",30002644
1049791087604,"Adahum - T2 Refinery & Free CloneBay",30001648
1053460601080,"Orduin - TZAB Foundry Alpha - 0.5% taxes",30003453
1046433591576,"Atlar - Free ref",30002389
1051698691371,"Claini - Khanid Checkpoint",30003896
1049062038166,"Aydoteaux - The Oldest House - Freeport",30003055
1045653012414,"Shaggoth - PushX Freeport",30004150
1049853173954,"Groothese - 9-11",30003057
1046642352324,"Kemerk - Blueprints Forge",30005206
1053818478603,"Autaris - Research",30001384
1046009497646,"Chesiette - CREDE - Fossores Lascivitis",30005327
1051802167854,"Uadelah - OXE Manufacturing & Research",30002991
1052461167106,"Yadi - Little Red Clone & Refine",30000080
1046844441163,"Geffur - Cosmic Refinery & Compression",30003429
1052660562205,"Cleyd - The Bella Drill of Axiom",30005194
1053230331035,"Charmerout - Public Refinery",30004976
1052884534700,"Uesuro - Send Names",30001432
1048903229739,"Ofage - DeepCore Freeport",30003446
1051904177093,"Illinfrik - Phalanx",30002527
1051885479017,"Amo - Seraphim Angel Freeport",30002055
1053167189030,"Cleyd - The Luna Drill of Axiom",30005194
1053905538430,"Autaris - Nomnom",30001384
1054028287997,"Serad - Serad Shipyard Public Refinery",30000103
1044579290081,"Tama - Svarog Production Center",30002813
1051880819629,"Atai - Amor Y",30001419
1026192451609,"Matyas - Union Terminal",30001654
1049130545268,"Inari - KMC#1",30002793
1051009127540,"Usi - J Deez Nuts",30002755
1048427761902,"Avesber - TS10 Mashed Taters",30002530
1052588941816,"Cleyd - The Daisy Drill of Axiom",30005194
1054195840660,"Dantbeinn - Horizon Engineering Center",30003451
1054216506317,"Reteka - Industry Free Hub - low taxes",30003880
1053751958012,"Tvink - Freeport Low Tax Market",30002073
1052687594312,"Fahruni - Mining Station 13",30003473
1054040375582,"Palmon - Fiesty Duck",30004992
1052407033821,"Uesuro - 07 Ice & Asteroid Refinery",30001432
1052741384275,"Zatamaka - decommission",30005079
1048578119101,"Kakki - zintrex factories",30002747
1053766735776,"Torvi - Crunchy",30003020
1042530370122,"Gedugaud - Cosmic Refinery & Compression",30003433
1051548423117,"Manatirid - Hareka Ore & Ice Refinery",30005230
1054022021377,"Cleyd - The Ruby Drill of Axiom",30005194
1048873740191,"Slays - Research and Manufacture",30003798
1051499481693,"Bawilan - Kitten Cafe",30002700
1044191900231,"Villore - Bauble Emporium",30004993
1052514928259,"Cleyd - The Axiom Forge",30005194
1051009210471,"Usi - Bill's Retirement Home",30002755
1053167088810,"Cleyd - The Jade Drill of Axiom",30005194
1051616632489,"Assiettes - Solar Flare Omega",30002724
1052429752035,"Tarta - trivial refinery",30005205
1044967089845,"Jerma - Ying",30002254
1051452359537,"Niballe - Urdesh",30003580
1052904841663,"Piekura - FP - Fuel, Ammo, Equipemeny",30001391
1054022042657,"Cleyd - The Siri Drill of Axiom",30005194
1052724754000,"Adacyne - RZR Refinery + Open Belt",30003832
1052619140519,"Pera - Lunar Requiem",30001666
1051391007923,"Tratokard - BLiTzD's Bait Tackle and Donuts",30003431
1052081432924,"Irmalin - Khanid Checkpoint",30003935
1051312168730,"Auner - P8M13 S",30002059
1050837256786,"Uriok - Minerva",30002070
1051134362536,"Agal - No Cocktailbar in here I",30005292
1043447911311,"Huola - Bombeldo's Freeport Factory",30003067
1048092080588,"Boranai - Capsuckers R Us",30002188
1045105027702,"Anzalaisio - Retirement Home",30005252
1052941447605,"Shenda - 8-20",30004268
1052797746284,"Uuhulanen - Compounding Interest",30045326
1054022104815,"Cleyd - The Unity Drill of Axiom",30005194
1052576310981,"Cleyd - The Gracie Drill of Axiom",30005194
1052426258499,"Arlek - Nectar Refinery Cell",30003411
1049516146541,"Osoggur - DCS Martlet",30002506
1052946134261,"Teonusude - Nilfgard Ice Traders",30002385
1021345542698,"Amamake - Amamake Police Station",30002537
1053903021647,"Uriok - DOOP HQ",30002070
1052677566522,"Ghesis - G.F.H Lunar Minery",30004084
1048764114852,"Junsoraert - Metkayina",30003016
1051101334688,"Saatuban - BullTech Manufacturing Hub",30001386
1031480904398,"Iswa - TME R01 Freeport",30001726
1053514014161,"Liukikka - Starbase 001",30001416
1043588791897,"Torrinos - Logistics Hub Alpha",30001429
1054261980379,"J223601 - Outer Heaven",31001185
1050715476316,"Bei - Alcatraz of FreeMen",30002048
1045571230745,"Mani - Oh Mani",30001658
1050814413817,"Brellystier - 2.13",30003809
1054187468193,"Siyi - Mining-Refining",30001699
1053780972352,"Yuzier - Adro Diamond Research Station",30000007
1054058505865,"Serad - Nibiru (FreePort)",30000103
1053466052205,"Irjunen - FreeRescuePort",30002792
1054124301055,"Sortet - The Aldent Outpost",30005323
1051535224411,"Joamma - The Stable Freeport",30004086
1047811825586,"Usi - Clonebay & Manufacturing",30002755
1052809083329,"Misneden - Small Homestead",30002665
1052986173351,"Cleyd - The Axiom Factory",30005194
1041937058588,"J151045 - Hydra Cordatus",31001238
1053188518686,"Bongveber - TGM1 Home 4 All",30003397
1053863119449,"Frarn - Ore mining&procecing",30002526
1046357436380,"Auner - P6M2",30002059
1054040086268,"Palmon - Fiesty Racoon",30004992
1049921818358,"Dantbeinn - Refine 2% AND RIG BONUSES",30003451
1048733826885,"Lari - Public Friday 2100-1% Tax Refine",30001712
1053943561040,"Diromitur - Cat's Lost third Peanuts",30003461
1053487989832,"Shura - Dahl Research Center",30004135
1054034723781,"Cleyd - The Willow Drill of Axiom",30005194
1050179146854,"Iffrue - T2 1% Tax Public Reprocessing",30003815
1049130604856,"Inari - KMC#2",30002793
1054171766611,"Jerma - Groot",30002254
1053512913717,"Bherdasopt - Just Deals.",30005267
1048445133030,"Sarum Prime - Medium Ship Creation Facilitator",30003522
1043667213354,"Faktun - Cloneport",30003002
1053576331034,"Faurent - miner one",30002643
1026961561899,"Adacyne - Brians place",30003832
1050225455875,"J215431 - Arke Freeport",31000233
1053993008288,"Talidal - Zak's Hooker Lounge",30003889
1054076097103,"Abudban - Xin",30002507
1049678707944,"Stegette - Anchoring....",30002696
1047937437150,"Oppold - Poker Room",30003430
1035893090979,"Molea - Madoka Memorial Freeport",30003876
1046129074863,"Ney - Lillys Coffee House",30002650
1052252953926,"Raussinen - Freeport 4",30001373
1048702572019,"Piekura - Freeport Moon 4",30001391
1052757141086,"Uuhulanen - Reasonable Throughput",30045326
1046642731975,"Arant - T1 Shipyard",30004994
1051142198449,"Ashmarir - Khanid Checkpoint",30003886
1054178293379,"Elonaya - 2% T2 Ice Refinery & Clone",30001399
1048115728314,"Brellystier - 5.5",30003809
1052826831174,"Amo - Bemep moon Freeport",30002055
1053015014436,"Boystin - Moon Muncher 9000",30003574
1047175420142,"Kakakela - Buld.Copy.Research-0.1% Tax Rigs",30001405
1048760507497,"Aclan - Omatikaya",30003028
1047982777968,"Brellystier - Allegheny Arsenal",30003809
1053653418605,"Unel - reprocessing.py",30002707
1053306305896,"Onuse - R&D Heaven - ME TE Invention",30000174
1040704957750,"Palas - Refinery and Moon",30003878
1053919676584,"Aclan - Induswing Good Tax for all",30003028
1045554501666,"Ohmahailen - Freeport Refining",30000136
1026334361427,"Nourvukaiken - FREEPORT CLONES",30001376
1044860796449,"Usi - Just stick with the original nam",30002755
1034637930199,"Atonder - Infernus",30003455
1053981626133,"Soumi - F013",30005052
1053099364865,"Autaris - Orion silver 2%",30001384
1053590286151,"Iivinen - Station Sisca",30002766
1052898509765,"Miakie - Cathode",30003539
1052851966475,"Henebene - Deep Sky Ore Facility",30034971
1046802738801,"Turnur - Summit's Beacon",30002086
1042833494769,"Vay - MlNER NEEDs - we buy ORE",30005318
1050048517153,"Talidal - Isoguard",30003889
1053010519140,"J144553 - This isnt worth it.",31001110
1046009534453,"Chesiette - CREDE - Opificium",30005327
1042092309091,"Parses - D'oh",30003909
1053977845857,"Basgerin - The Forgery",30002666
1051411559329,"Ordion - Ylvie",30005060
1052904766138,"Piekura - FP Big ship Construction",30001391
1052824148498,"Torvi - Violent Manufacturing Problems",30003020
1051817773828,"Gademam - Decommission",30005072
1048446040103,"Sarum Prime - Domain Market Freeport",30003522
1048265673404,"DP34-U - Ginger Nut",30003314
1052208942414,"Boystin - Moon V-5 - Piwakawaka",30003574
1052755903236,"Yria - Omega Station",30002794
1053110158683,"Ebo - Free Port",30002269
1054117864525,"Serad - Serad Shipyard Public Moon Mine",30000103
1052754157714,"Audaerne - Orbital Processing FREEPORT",30002684
1036974821465,"Jel - Jel clone center",30002692
1051152320722,"Ordion - Little Red Miner P4M5, Sunday",30005060
1051009069557,"Usi - Bane's Morgue",30002755
1050676524248,"Cat - Catnip Manufacturing",30005026
1052660587084,"Cleyd - The Olivia Drill of Axiom",30005194
1045233610880,"Manatirid - Discount Repro Haven",30005230
1042990573784,"Friggi - R&D Division",30000168
1044679151230,"Iidoken - Free Ship Factory",30001374
1054050618267,"Direrie - S+M+L Standard ship production",30002646
1051808501381,"Atai - Paz",30001419
1054027304587,"Uesuro - 2 Jumps Out",30001432
1043676142082,"Jarkkolen - Structure Construction",30003080
1048574494460,"Torrinos - EIE INDUSTRIES. MOON REPRO T2.",30001429
1052241305934,"Varigne - T2 Refinery 1.5% Tax",30002400
1048614489624,"Deninard - 52% ICE and ORE (0.5%)",30004987
1052516326085,"Isutaka - Stardust Journey Holdings",30002777
1047620997953,"Riavayed - Foundry",30002993
1051693921718,"Scheenins - BEEDL's Backwater Business II",30005310
1045412780744,"Miakie - PushX Freeport Mailbox",30003539
1045988563666,"Gratesier - P8M19",30002653
1049407465895,"Vilinnon - Regional HQ",30003816
1050188853929,"Stacmon - Athanor",30003794
1053456570545,"Uminas - SEA BLUE",30000184
1053264843050,"Aurcel - Cloneport",30002716
1054079964764,"Amo - Apostate Reprocessing",30002055
1044587320332,"Tama - Svarog Reaction & Reprocessing",30002813
1054091792291,"Ainsan - Zak's Girls Girls Girls",30003895
1053499664433,"Reisen - Station 1",30000160
1041243573737,"Yarebap - Mud Sucker",30004111
1052948777387,"Enedore - Tulkun",30003045
1043029114607,"Arnola - Loading... Please Wait",30000112
1050888145932,"Palpis - Freeport at the Sun",30003008
1052465183279,"Menri - MEN-IX M4",30004121
1049519772855,"Inari - Manufacturing&Research",30002793
1030539397321,"Colelie - YC115 Battle of Colelie Memorial",30002682
1050828601605,"Ardallabier - Little Red Refinery & Clone",30003030
1052649869837,"Boystin - Moon VI-8 Pukupuku",30003574
1050184406582,"Gallareue - NB-2 Mining and Indsustry.",30002674
1050022770958,"Malma - The Hive",30005235
1034641142565,"Angatalie - PI Freeport",30003062
1044164309897,"Mora - MlNER NEEDs - The Rings of Mora",30005037
